task_complexity,autonomy_level,memory_usage_mb,cpu_usage_percent,performance,cost,risk
2,4,136.60069615273093,59.24987447131343,0.807879534883721,0.009086046511627907,0.2138809302325581
